{
    "avg_exp_2": [
        [
            0.037671700000100825,
            0.043024209999930466,
            0.05097549000020081,
            0.04235347000012553,
            0.07321365000007063
        ],
        [
            0.0027786500000729574,
            0.0036472400001002826,
            0.006029469999884895,
            0.008281909999823256,
            0.034919529999388035
        ]
    ],
    "std_exp_2": [
        [
            1.8563334220676215e-07,
            0.00020360832244585922,
            0.00020197634264589005,
            1.1935027286246665e-05,
            0.0003461394256170508
        ],
        [
            1.0992841401311483e-07,
            3.041493980711361e-06,
            1.8756709203223935e-06,
            5.974257719757596e-07,
            0.00023911976466231652
        ]
    ],
    "avg_exp_1": [
        [
            0.2797522399998343,
            1.3990573099999892,
            2.5873045000000277,
            13.127822340000057,
            25.91202728999997
        ],
        [
            0.02205919999996695,
            0.10991596000003483,
            0.21514809999971476,
            1.067172709999977,
            2.131997959999899
        ],
        [
            0.02221692000002804,
            0.10879643000007491,
            0.21355124000001524,
            1.0652853899999173,
            2.1422860199998466
        ],
        [
            0.021858099999917613,
            0.10912439999992785,
            0.21511745000007068,
            1.063846619999822,
            2.1244164899999305
        ],
        [
            0.021956370000043534,
            0.1064275800001269,
            0.21472041000015452,
            1.0609394999997677,
            2.1280995500001154
        ]
    ],
    "std_exp_1": [
        [
            0.0013682285768550418,
            0.041076288581817125,
            0.0008209373364363864,
            0.06893395168356661,
            0.019201178372466578
        ],
        [
            1.0344451987443087e-06,
            2.3177403553792598e-05,
            6.089518930136556e-06,
            6.523638160932546e-05,
            7.270669843773597e-05
        ],
        [
            1.6507416649318066e-06,
            2.583789712085854e-06,
            6.588797900041021e-06,
            3.482403907803259e-05,
            0.0022163637121153648
        ],
        [
            1.241130069102977e-07,
            2.0393840486301706e-06,
            1.677210340881947e-05,
            2.2012191374126485e-05,
            0.0001391350883030357
        ],
        [
            3.65605569672661e-07,
            3.0334258802088897e-06,
            9.860854809245618e-06,
            5.269455644917085e-05,
            5.647677060893503e-05
        ]
    ]
}